{"cameraMode":{"drawMode":0,"name":"Shaded","section":"Shading Mode"},"sceneLighting":false,"audioPlay":false,"sceneViewState":{"showFog":false,"showMaterialUpdate":false,"showSkybox":false,"showFlares":true,"showImageEffects":true,"showParticleSystems":true},"in2DMode":false,"pivot":{"x":7.810173034667969,"y":7.868176460266113,"z":-7.549585342407227},"rotation":{"x":-0.1640876680612564,"y":0.7461702227592468,"z":-0.1995442807674408,"w":-0.613585352897644},"size":16.533662796020509,"orthographic":false}