{"cameraMode":{"drawMode":0,"name":"Shaded","section":"Shading Mode"},"sceneLighting":true,"audioPlay":false,"sceneViewState":{"showFog":false,"showMaterialUpdate":false,"showSkybox":true,"showFlares":true,"showImageEffects":true,"showParticleSystems":true},"in2DMode":false,"pivot":{"x":7.782438278198242,"y":7.3729095458984379,"z":9.61286449432373},"rotation":{"x":-0.15880203247070313,"y":0.7298544645309448,"z":-0.18117018043994904,"w":-0.6397439241409302},"size":19.142269134521486,"orthographic":false}