{"cameraMode":{"drawMode":0,"name":"Shaded","section":"Shading Mode"},"sceneLighting":true,"audioPlay":false,"sceneViewState":{"showFog":false,"showMaterialUpdate":false,"showSkybox":true,"showFlares":true,"showImageEffects":true,"showParticleSystems":true},"in2DMode":false,"pivot":{"x":2.5566329956054689,"y":-0.5075874328613281,"z":-4.016915321350098},"rotation":{"x":-0.16837750375270844,"y":0.7431183457374573,"z":-0.2035134732723236,"w":-0.6148218512535095},"size":19.748449325561525,"orthographic":false}